cohort_year,investor_count,avg_sip_amount,total_invested
2024,4624,10996.885825361911,214978121
2025,138,13505.209580838324,2255370
